<?xml version="1.0" encoding="UTF-8" standalone="no"?>
<ServerSettings DomainId="BC0BCDA1C0A805014CD87AC57B4B7DB2">
  <CommConf>
    <AgentCommunicationSetting AlwaysConnect="1" CommunicationMode="PUSH" DisableDownloadProfile="0" Kcs="763FBFC912B290F141FB4CB8AEFDC53C" PushHeartbeatSeconds="1800" UploadCmdStateHeartbeatSeconds="300" UploadLearnedApp="0" UploadLogHeartbeatSeconds="300" UploadOpStateHeartbeatSeconds="300"/>
    <LogSetting MaxLogRecords="100" SendingLogAllowed="1" UploadProcessLog="1" UploadRawLog="1" UploadSecurityLog="1" UploadSystemLog="1" UploadTrafficLog="1"/>
    <RegisterClient PreferredGroup="My Company\Default Group" PreferredMode="1"/>
    <ServerList FreezeSmsList="0" Name="Default Management Server List for Site HN-SRV-VIRUS">
      <ServerPriorityBlock Name="List0">
        <Server Address="192.168.5.1" HttpsPort="443" Protocol="HTTPS" VerifySignatures="1"/>
        <Server Address="HN-SRV-VIRUS" HttpsPort="443" Protocol="HTTPS" VerifySignatures="1"/>
        <Server Address="HN-SRV-VIRUS.doji.vn" HttpsPort="443" Protocol="HTTPS" VerifySignatures="1"/>
      </ServerPriorityBlock>
    </ServerList>
    <ServerCertList>
      <Certificate Name="HN-SRV-VIRUS">-----BEGIN CERTIFICATE-----
MIIEETCCAvmgAwIBAgIDBGsPMA0GCSqGSIb3DQEBCwUAMH4xCzAJBgNVBAYTAlVTMQswCQYDVQQI&#13;
EwJDQTEWMBQGA1UEBxMNTW91bnRhaW4gVmlldzEdMBsGA1UEChMUU3ltYW50ZWMgQ29ycG9yYXRp&#13;
b24xDDAKBgNVBAsTA0VTRzEdMBsGA1UEAxMUSE4tU1JWLVZJUlVTLmRvamkudm4wHhcNMTkwNTI2&#13;
MDg1MTA4WhcNMjkwNjIyMDg1MTA4WjB+MQswCQYDVQQGEwJVUzELMAkGA1UECBMCQ0ExFjAUBgNV&#13;
BAcTDU1vdW50YWluIFZpZXcxHTAbBgNVBAoTFFN5bWFudGVjIENvcnBvcmF0aW9uMQwwCgYDVQQL&#13;
EwNFU0cxHTAbBgNVBAMTFEhOLVNSVi1WSVJVUy5kb2ppLnZuMIIBIjANBgkqhkiG9w0BAQEFAAOC&#13;
AQ8AMIIBCgKCAQEAifcetUCn0LoDl2Zg1UnsMdLdOGMaP57Lz4T7cYAu5qr62P8xhHBUUr+lL965&#13;
+ROCX4B/e1xYMFz2t0k9s7g08fcRpUonVzf0E3ZvuUEznayu5g1dNV3FNr7zyCmQWRlAN1AbgDGe&#13;
Ru3SZ1Bq/m9wQ09izYVrr/jTtFpJVzOuj8xYFNCq9W24AORGu/Y5cz8Bxtqy74ZUN8FSis/QykMM&#13;
ZAKBAxNebbYA9SSkN5kTm5A8giqZrUvWLG4iTel5GNtEH/bjT7SsJg+QbM2u2ILhqtQR8V3Zbbry&#13;
8Pa5T91uplTCbovlRlIxhQsZ2iYZ1fNn8o5wnRbTnlFCcmteqm/5nwIDAQABo4GXMIGUMB8GA1Ud&#13;
IwQYMBaAFG+BMbNhkbi17aqgAzewzk7oidCcMFIGA1UdEQRLMEmCFEhOLVNSVi1WSVJVUy5kb2pp&#13;
LnZuggxITi1TUlYtVklSVVOHBMCoBQGCCzE5Mi4xNjguNS4xhxD+gAAAAAAAAAAAXv7AqAUBMB0G&#13;
A1UdDgQWBBRvgTGzYZG4te2qoAM3sM5O6InQnDANBgkqhkiG9w0BAQsFAAOCAQEAMRFISYgU7Lrb&#13;
qN7f194d9CwMtIMoQ/wM8ULtN+hW68WRuilRto2UOw4+MvfOjlnBsGr9z5ViOzxHizJTyBRGoxDZ&#13;
aiMOqg2wemAnvHwvJKTJAsZQAd4w/r/pQNhj5GWiVJtKYfmuMQkcOCfZxYfOcDeILePEsMcjCIVj&#13;
s79IZuRckn44nvMeAfsoNvYLhHqWGnTM0TS/ntPA+rxWjcivFHYGNH3488fdWaL605YvUlm41Jeg&#13;
76xHA/6OXhFfG80cswK+gngGR9qCF4UP/42g2GQO2QRol/lJBUsGW53A0+vdjvhY1kT07Jzk50mf&#13;
SDJv9DYTQFzqWn3LZ1a3vKoGPg==&#13;
-----END CERTIFICATE-----</Certificate>
    </ServerCertList>
  </CommConf>
</ServerSettings>
